Повна адреса,Дата рішення,Рішення
Донецька  Білицьке Добропільська 7,13.03.2026,184483eb872247e45ed5d587f11c05ee.pdf
Донецька  Білицьке Донецька 12,20.02.2026,62bd7e0c5196c41f6e21d556158bd6c5.pdf
Донецька  Білицьке Донецька 12,10.04.2026,https://rada.info/upload/users_files/32897190/b4cc1884aed3441e2de89d3653ca8872.pdf
Донецька  Білицьке Донецька 14,27.03.2026,b7c6e692cfef0d48742a82011df74458.pdf
Донецька  Білицьке Донецька 14,17.04.2026,6c5ce834ffd2d84de9229ec7bd641d39.pdf
Донецька  Білицьке Донецька 15,03.04.2026,0cc1fd7a310e4e34a2028c0f7a353bb5.pdf
Донецька  Білицьке Донецька 16,17.04.2026,6c5ce834ffd2d84de9229ec7bd641d39.pdf
Донецька  Білицьке Донецька 18,10.04.2026,https://rada.info/upload/users_files/32897190/b4cc1884aed3441e2de89d3653ca8872.pdf
Донецька  Білицьке Донецька 23,16.01.2026,059f349c595ba69110a0ec2805d54153.pdf
Донецька  Білицьке Донецька 23,06.02.2026,e6cf211e7a29aec74657b71d0ad7e8f9.pdf
Донецька  Білицьке Донецька 23,06.03.2026,79be903f9d457691611cadd2e0d3df9b.pdf
Донецька  Білицьке Донецька 23,17.04.2026,6c5ce834ffd2d84de9229ec7bd641d39.pdf
Донецька  Білицьке Донецька 24,27.02.2026,d7cea1c06a397ac5a62d01434eb9479f.pdf
Донецька  Білицьке Донецька 24,06.03.2026,79be903f9d457691611cadd2e0d3df9b.pdf
Донецька  Білицьке Донецька 24,13.03.2026,184483eb872247e45ed5d587f11c05ee.pdf
Донецька  Білицьке Донецька 24,10.04.2026,https://rada.info/upload/users_files/32897190/b4cc1884aed3441e2de89d3653ca8872.pdf
Донецька  Білицьке Донецька 25,13.03.2026,184483eb872247e45ed5d587f11c05ee.pdf
Донецька  Білицьке Донецька 25,20.03.2026,b1c45afe735dc97ebd1a80def64e952b.pdf
Донецька  Білицьке Донецька 25,27.03.2026,b7c6e692cfef0d48742a82011df74458.pdf
Донецька  Білицьке Донецька 25,03.04.2026,0cc1fd7a310e4e34a2028c0f7a353bb5.pdf
Донецька  Білицьке Донецька 29,16.01.2026,059f349c595ba69110a0ec2805d54153.pdf
Донецька  Білицьке Донецька 29,23.01.2026,28122ad18d3561d0a13aa65d99baf5fd.pdf
Донецька  Білицьке Донецька 29,27.02.2026,d7cea1c06a397ac5a62d01434eb9479f.pdf
Донецька  Білицьке Донецька 29,13.03.2026,184483eb872247e45ed5d587f11c05ee.pdf
Донецька  Білицьке Донецька 29,20.03.2026,b1c45afe735dc97ebd1a80def64e952b.pdf
Донецька  Білицьке Донецька 30,20.02.2026,62bd7e0c5196c41f6e21d556158bd6c5.pdf
Донецька  Білицьке Донецька 42,27.03.2026,b7c6e692cfef0d48742a82011df74458.pdf
Донецька  Білицьке Донецька 42,17.04.2026,6c5ce834ffd2d84de9229ec7bd641d39.pdf
Донецька  Білицьке Донецька 42,10.04.2026,https://rada.info/upload/users_files/32897190/b4cc1884aed3441e2de89d3653ca8872.pdf
Донецька  Білицьке Донецька 44,20.03.2026,b1c45afe735dc97ebd1a80def64e952b.pdf
Донецька  Білицьке Миру 10,06.02.2026,e6cf211e7a29aec74657b71d0ad7e8f9.pdf
Донецька  Білицьке Миру 13,23.01.2026,28122ad18d3561d0a13aa65d99baf5fd.pdf
Донецька  Білицьке Миру 13,30.01.2026,0fff57efc0a29298c92e3e26aa25b270.pdf
Донецька  Білицьке Миру 13,06.02.2026,e6cf211e7a29aec74657b71d0ad7e8f9.pdf
Донецька  Білицьке Миру 14,28.11.2025,eaddbb0f12f0570c7f84ce0b571248ec.pdf
Донецька  Білицьке Миру 14,05.12.2025,8d526f996d0a50d484e2d2c7c2e48771.pdf
Донецька  Білицьке Миру 14,12.12.2025,97f24fc5e84cedbe951efe039284eaab.pdf
Донецька  Білицьке Миру 14,02.01.2026,2a0ee9963521a8973a7e7affa4f21fba.pdf
Донецька  Білицьке Миру 16,13.03.2026,184483eb872247e45ed5d587f11c05ee.pdf
Донецька  Білицьке Миру 17,20.03.2026,b1c45afe735dc97ebd1a80def64e952b.pdf
Донецька  Білицьке Миру 18,20.02.2026,62bd7e0c5196c41f6e21d556158bd6c5.pdf
Донецька  Білицьке Миру 18,27.02.2026,d7cea1c06a397ac5a62d01434eb9479f.pdf
Донецька  Білицьке Миру 18,06.03.2026,79be903f9d457691611cadd2e0d3df9b.pdf
Донецька  Білицьке Миру 18,13.03.2026,184483eb872247e45ed5d587f11c05ee.pdf
Донецька  Білицьке Миру 21,23.01.2026,28122ad18d3561d0a13aa65d99baf5fd.pdf
Донецька  Білицьке Миру 21,30.01.2026,0fff57efc0a29298c92e3e26aa25b270.pdf
Донецька  Білицьке Миру 23,21.11.2025,56e178f678cabc1bc0f314fc11649215.pdf
Донецька  Білицьке Миру 23,28.11.2025,eaddbb0f12f0570c7f84ce0b571248ec.pdf
Донецька  Білицьке Миру 23,05.12.2025,8d526f996d0a50d484e2d2c7c2e48771.pdf
Донецька  Білицьке Миру 23,02.01.2026,2a0ee9963521a8973a7e7affa4f21fba.pdf
Донецька  Білицьке Миру 24,20.02.2026,62bd7e0c5196c41f6e21d556158bd6c5.pdf
Донецька  Білицьке Миру 24,20.03.2026,b1c45afe735dc97ebd1a80def64e952b.pdf
Донецька  Білицьке Миру 25,16.01.2026,059f349c595ba69110a0ec2805d54153.pdf
Донецька  Білицьке Миру 25,30.01.2026,0fff57efc0a29298c92e3e26aa25b270.pdf
Донецька  Білицьке Миру 25,06.02.2026,e6cf211e7a29aec74657b71d0ad7e8f9.pdf
Донецька  Білицьке Миру 25,17.04.2026,6c5ce834ffd2d84de9229ec7bd641d39.pdf
Донецька  Білицьке Миру 25,10.04.2026,https://rada.info/upload/users_files/32897190/b4cc1884aed3441e2de89d3653ca8872.pdf
Донецька  Білицьке Миру 26,23.01.2026,28122ad18d3561d0a13aa65d99baf5fd.pdf
Донецька  Білицьке Миру 26,27.02.2026,d7cea1c06a397ac5a62d01434eb9479f.pdf
Донецька  Білицьке Миру 26,20.03.2026,b1c45afe735dc97ebd1a80def64e952b.pdf
Донецька  Білицьке Миру 26,03.04.2026,0cc1fd7a310e4e34a2028c0f7a353bb5.pdf
Донецька  Білицьке Миру 26,17.04.2026,6c5ce834ffd2d84de9229ec7bd641d39.pdf
Донецька  Білицьке Миру 26,10.04.2026,https://rada.info/upload/users_files/32897190/b4cc1884aed3441e2de89d3653ca8872.pdf
Донецька  Білицьке Миру 27,10.04.2026,https://rada.info/upload/users_files/32897190/b4cc1884aed3441e2de89d3653ca8872.pdf
Донецька  Білицьке Миру 29,21.11.2025,56e178f678cabc1bc0f314fc11649215.pdf
Донецька  Білицьке Миру 29,28.11.2025,eaddbb0f12f0570c7f84ce0b571248ec.pdf
Донецька  Білицьке Миру 29,05.12.2025,8d526f996d0a50d484e2d2c7c2e48771.pdf
Донецька  Білицьке Миру 29,12.12.2025,97f24fc5e84cedbe951efe039284eaab.pdf
Донецька  Білицьке Миру 29,06.02.2026,e6cf211e7a29aec74657b71d0ad7e8f9.pdf
Донецька  Білицьке Миру 29,17.04.2026,6c5ce834ffd2d84de9229ec7bd641d39.pdf
Донецька  Білицьке Миру 30,03.04.2026,0cc1fd7a310e4e34a2028c0f7a353bb5.pdf
Донецька  Білицьке Миру 30,10.04.2026,https://rada.info/upload/users_files/32897190/b4cc1884aed3441e2de89d3653ca8872.pdf
Донецька  Білицьке Незалежності 15,20.03.2026,b1c45afe735dc97ebd1a80def64e952b.pdf
Донецька  Білицьке Незалежності 15,03.04.2026,0cc1fd7a310e4e34a2028c0f7a353bb5.pdf
Донецька  Білицьке Незалежності 21,13.02.2026,d2b82ec70f4389f4177fb0472f6d9b16.pdf
Донецька  Білицьке Незалежності 21,06.03.2026,79be903f9d457691611cadd2e0d3df9b.pdf
Донецька  Білицьке Незалежності 30,13.02.2026,d2b82ec70f4389f4177fb0472f6d9b16.pdf
Донецька  Білицьке Паркова 1,02.01.2026,2a0ee9963521a8973a7e7affa4f21fba.pdf
Донецька  Білицьке Паркова 1,13.02.2026,d2b82ec70f4389f4177fb0472f6d9b16.pdf
Донецька  Білицьке Паркова 1,27.02.2026,d7cea1c06a397ac5a62d01434eb9479f.pdf
Донецька  Білицьке Паркова 1,06.03.2026,79be903f9d457691611cadd2e0d3df9b.pdf
Донецька  Білицьке Паркова 10,06.03.2026,79be903f9d457691611cadd2e0d3df9b.pdf
Донецька  Білицьке Паркова 10,13.03.2026,184483eb872247e45ed5d587f11c05ee.pdf
Донецька  Білицьке Паркова 10,17.04.2026,6c5ce834ffd2d84de9229ec7bd641d39.pdf
Донецька  Білицьке Паркова 12,21.11.2025,56e178f678cabc1bc0f314fc11649215.pdf
Донецька  Білицьке Паркова 12,26.12.2025,7816e09203c3855574ebbe1ffe34072f.pdf
Донецька  Білицьке Паркова 12,06.03.2026,79be903f9d457691611cadd2e0d3df9b.pdf
Донецька  Білицьке Паркова 14,17.04.2026,6c5ce834ffd2d84de9229ec7bd641d39.pdf
Донецька  Білицьке Паркова 15,13.03.2026,184483eb872247e45ed5d587f11c05ee.pdf
Донецька  Білицьке Паркова 16,30.01.2026,0fff57efc0a29298c92e3e26aa25b270.pdf
Донецька  Білицьке Паркова 16,06.02.2026,e6cf211e7a29aec74657b71d0ad7e8f9.pdf
Донецька  Білицьке Паркова 16,27.02.2026,d7cea1c06a397ac5a62d01434eb9479f.pdf
Донецька  Білицьке Паркова 16,20.03.2026,b1c45afe735dc97ebd1a80def64e952b.pdf
Донецька  Білицьке Паркова 16,10.04.2026,https://rada.info/upload/users_files/32897190/b4cc1884aed3441e2de89d3653ca8872.pdf
Донецька  Білицьке Паркова 2,23.01.2026,28122ad18d3561d0a13aa65d99baf5fd.pdf
Донецька  Білицьке Паркова 2,06.02.2026,e6cf211e7a29aec74657b71d0ad7e8f9.pdf
Донецька  Білицьке Паркова 2,06.03.2026,79be903f9d457691611cadd2e0d3df9b.pdf
Донецька  Білицьке Паркова 20,13.03.2026,184483eb872247e45ed5d587f11c05ee.pdf
Донецька  Білицьке Паркова 22,06.03.2026,79be903f9d457691611cadd2e0d3df9b.pdf
Донецька  Білицьке Паркова 22,13.03.2026,184483eb872247e45ed5d587f11c05ee.pdf
Донецька  Білицьке Паркова 22,20.03.2026,b1c45afe735dc97ebd1a80def64e952b.pdf
Донецька  Білицьке Паркова 23,06.03.2026,79be903f9d457691611cadd2e0d3df9b.pdf
Донецька  Білицьке Паркова 23,13.03.2026,184483eb872247e45ed5d587f11c05ee.pdf
Донецька  Білицьке Паркова 24,17.04.2026,6c5ce834ffd2d84de9229ec7bd641d39.pdf
Донецька  Білицьке Паркова 25,13.02.2026,d2b82ec70f4389f4177fb0472f6d9b16.pdf
Донецька  Білицьке Паркова 28,17.04.2026,6c5ce834ffd2d84de9229ec7bd641d39.pdf
Донецька  Білицьке Паркова 30,13.02.2026,d2b82ec70f4389f4177fb0472f6d9b16.pdf
Донецька  Білицьке Паркова 30,27.02.2026,d7cea1c06a397ac5a62d01434eb9479f.pdf
Донецька  Білицьке Паркова 31,13.02.2026,d2b82ec70f4389f4177fb0472f6d9b16.pdf
Донецька  Білицьке Паркова 31,20.02.2026,62bd7e0c5196c41f6e21d556158bd6c5.pdf
Донецька  Білицьке Паркова 31,27.02.2026,d7cea1c06a397ac5a62d01434eb9479f.pdf
Донецька  Білицьке Паркова 34,23.01.2026,28122ad18d3561d0a13aa65d99baf5fd.pdf
Донецька  Білицьке Паркова 34,27.02.2026,d7cea1c06a397ac5a62d01434eb9479f.pdf
Донецька  Білицьке Паркова 34,13.03.2026,184483eb872247e45ed5d587f11c05ee.pdf
Донецька  Білицьке Паркова 34,17.04.2026,6c5ce834ffd2d84de9229ec7bd641d39.pdf
Донецька  Білицьке Паркова 38,10.04.2026,https://rada.info/upload/users_files/32897190/b4cc1884aed3441e2de89d3653ca8872.pdf
Донецька  Білицьке Паркова 7,02.01.2026,2a0ee9963521a8973a7e7affa4f21fba.pdf
Донецька  Білицьке Паркова 7,13.02.2026,d2b82ec70f4389f4177fb0472f6d9b16.pdf
Донецька  Білицьке Паркова 8,02.01.2026,2a0ee9963521a8973a7e7affa4f21fba.pdf
Донецька  Білицьке Паркова 9,23.01.2026,28122ad18d3561d0a13aa65d99baf5fd.pdf
Донецька  Білицьке Перемоги 14,21.11.2025,56e178f678cabc1bc0f314fc11649215.pdf
Донецька  Білицьке Перемоги 14,28.11.2025,eaddbb0f12f0570c7f84ce0b571248ec.pdf
Донецька  Білицьке Перемоги 14,26.12.2025,7816e09203c3855574ebbe1ffe34072f.pdf
Донецька  Білицьке Перемоги 14,30.01.2026,0fff57efc0a29298c92e3e26aa25b270.pdf
Донецька  Білицьке Перемоги 3,27.02.2026,d7cea1c06a397ac5a62d01434eb9479f.pdf
Донецька  Білицьке Перемоги 3,20.03.2026,b1c45afe735dc97ebd1a80def64e952b.pdf
Донецька  Білицьке Перемоги 7,10.04.2026,https://rada.info/upload/users_files/32897190/b4cc1884aed3441e2de89d3653ca8872.pdf
Донецька  Білицьке Перемоги 9,20.03.2026,b1c45afe735dc97ebd1a80def64e952b.pdf
Донецька  Білицьке Перемоги 9,03.04.2026,0cc1fd7a310e4e34a2028c0f7a353bb5.pdf
Донецька  Білицьке Південна 1,03.04.2026,0cc1fd7a310e4e34a2028c0f7a353bb5.pdf
Донецька  Білицьке Південна 1,17.04.2026,6c5ce834ffd2d84de9229ec7bd641d39.pdf
Донецька  Білицьке Південна 2,10.04.2026,https://rada.info/upload/users_files/32897190/b4cc1884aed3441e2de89d3653ca8872.pdf
Донецька  Білицьке Праці 13,13.02.2026,d2b82ec70f4389f4177fb0472f6d9b16.pdf
Донецька  Білицьке Праці 13,06.03.2026,79be903f9d457691611cadd2e0d3df9b.pdf
Донецька  Білицьке Праці 13,13.03.2026,184483eb872247e45ed5d587f11c05ee.pdf
Донецька  Білицьке Праці 13,03.04.2026,0cc1fd7a310e4e34a2028c0f7a353bb5.pdf
Донецька  Білицьке Праці 27,19.12.2025,efdce56197f98c07868f605604b964ea.pdf
Донецька  Білицьке Праці 29,03.04.2026,0cc1fd7a310e4e34a2028c0f7a353bb5.pdf
Донецька  Білицьке Праці 3,03.04.2026,0cc1fd7a310e4e34a2028c0f7a353bb5.pdf
Донецька  Білицьке Праці 3,17.04.2026,6c5ce834ffd2d84de9229ec7bd641d39.pdf
Донецька  Білицьке Праці 34,03.04.2026,0cc1fd7a310e4e34a2028c0f7a353bb5.pdf
Донецька  Білицьке Праці 38,02.01.2026,2a0ee9963521a8973a7e7affa4f21fba.pdf
Донецька  Білицьке Праці 38,16.01.2026,059f349c595ba69110a0ec2805d54153.pdf
Донецька  Білицьке Праці 38,23.01.2026,28122ad18d3561d0a13aa65d99baf5fd.pdf
Донецька  Білицьке Праці 38,30.01.2026,0fff57efc0a29298c92e3e26aa25b270.pdf
Донецька  Білицьке Праці 38,27.02.2026,d7cea1c06a397ac5a62d01434eb9479f.pdf
Донецька  Білицьке Праці 38,06.03.2026,79be903f9d457691611cadd2e0d3df9b.pdf
Донецька  Білицьке Праці 38,13.03.2026,184483eb872247e45ed5d587f11c05ee.pdf
Донецька  Білицьке Праці 38,20.03.2026,b1c45afe735dc97ebd1a80def64e952b.pdf
Донецька  Білицьке Праці 41,27.03.2026,b7c6e692cfef0d48742a82011df74458.pdf
Донецька  Білицьке Праці 41,03.04.2026,0cc1fd7a310e4e34a2028c0f7a353bb5.pdf
Донецька  Білицьке Праці 41,17.04.2026,6c5ce834ffd2d84de9229ec7bd641d39.pdf
Донецька  Білицьке Праці 42,13.02.2026,d2b82ec70f4389f4177fb0472f6d9b16.pdf
Донецька  Білицьке Праці 42,27.02.2026,d7cea1c06a397ac5a62d01434eb9479f.pdf
Донецька  Білицьке Праці 42,06.03.2026,79be903f9d457691611cadd2e0d3df9b.pdf
Донецька  Білицьке Праці 42,13.03.2026,184483eb872247e45ed5d587f11c05ee.pdf
Донецька  Білицьке Праці 42,03.04.2026,0cc1fd7a310e4e34a2028c0f7a353bb5.pdf
Донецька  Білицьке Праці 42,17.04.2026,6c5ce834ffd2d84de9229ec7bd641d39.pdf
Донецька  Білицьке Праці 42,10.04.2026,https://rada.info/upload/users_files/32897190/b4cc1884aed3441e2de89d3653ca8872.pdf
Донецька  Білицьке Праці 5-а,17.04.2026,6c5ce834ffd2d84de9229ec7bd641d39.pdf
Донецька  Білицьке Праці 5А,27.02.2026,d7cea1c06a397ac5a62d01434eb9479f.pdf
Донецька  Білицьке Праці 5А,13.03.2026,184483eb872247e45ed5d587f11c05ee.pdf
Донецька  Білицьке Праці 7,12.12.2025,97f24fc5e84cedbe951efe039284eaab.pdf
Донецька  Білицьке Праці 7,19.12.2025,efdce56197f98c07868f605604b964ea.pdf
Донецька  Білицьке Праці 7,30.01.2026,0fff57efc0a29298c92e3e26aa25b270.pdf
Донецька  Білицьке Праці 7,06.02.2026,e6cf211e7a29aec74657b71d0ad7e8f9.pdf
Донецька  Білицьке Праці 7,20.03.2026,b1c45afe735dc97ebd1a80def64e952b.pdf
Донецька  Білицьке Праці 9,10.04.2026,https://rada.info/upload/users_files/32897190/b4cc1884aed3441e2de89d3653ca8872.pdf
Донецька  Білицьке Романа Шухевича 12,27.02.2026,d7cea1c06a397ac5a62d01434eb9479f.pdf
Донецька  Білицьке Романа Шухевича 19,17.04.2026,6c5ce834ffd2d84de9229ec7bd641d39.pdf
Донецька  Білицьке Романа Шухевича 20,17.04.2026,6c5ce834ffd2d84de9229ec7bd641d39.pdf
Донецька  Білицьке Романа Шухевича 25,13.03.2026,184483eb872247e45ed5d587f11c05ee.pdf
Донецька  Білицьке Романа Шухевича 25,27.03.2026,b7c6e692cfef0d48742a82011df74458.pdf
Донецька  Білицьке Романа Шухевича 25,03.04.2026,0cc1fd7a310e4e34a2028c0f7a353bb5.pdf
Донецька  Білицьке Романа Шухевича 25,10.04.2026,https://rada.info/upload/users_files/32897190/b4cc1884aed3441e2de89d3653ca8872.pdf
Донецька  Білицьке Романа Шухевича 27,03.04.2026,0cc1fd7a310e4e34a2028c0f7a353bb5.pdf
Донецька  Білицьке Романа Шухевича 27,17.04.2026,6c5ce834ffd2d84de9229ec7bd641d39.pdf
Донецька  Білицьке Романа Шухевича 29,20.03.2026,b1c45afe735dc97ebd1a80def64e952b.pdf
Донецька  Білицьке Романа Шухевича 4,13.03.2026,184483eb872247e45ed5d587f11c05ee.pdf
Донецька  Білицьке Федора Чабана 11,20.02.2026,62bd7e0c5196c41f6e21d556158bd6c5.pdf
Донецька  Білицьке Федора Чабана 12,27.03.2026,b7c6e692cfef0d48742a82011df74458.pdf
Донецька  Білицьке Федора Чабана 13,20.02.2026,62bd7e0c5196c41f6e21d556158bd6c5.pdf
Донецька  Білицьке Федора Чабана 13,06.03.2026,79be903f9d457691611cadd2e0d3df9b.pdf
Донецька  Білицьке Федора Чабана 13,20.03.2026,b1c45afe735dc97ebd1a80def64e952b.pdf
Донецька  Білицьке Федора Чабана 14,06.03.2026,79be903f9d457691611cadd2e0d3df9b.pdf
Донецька  Білицьке Федора Чабана 14,17.04.2026,6c5ce834ffd2d84de9229ec7bd641d39.pdf
Донецька  Білицьке Федора Чабана 14,10.04.2026,https://rada.info/upload/users_files/32897190/b4cc1884aed3441e2de89d3653ca8872.pdf
Донецька  Білицьке Федора Чабана 15,19.12.2025,efdce56197f98c07868f605604b964ea.pdf
Донецька  Білицьке Федора Чабана 15,06.02.2026,e6cf211e7a29aec74657b71d0ad7e8f9.pdf
Донецька  Білицьке Федора Чабана 15,13.03.2026,184483eb872247e45ed5d587f11c05ee.pdf
Донецька  Білицьке Федора Чабана 15,03.04.2026,0cc1fd7a310e4e34a2028c0f7a353bb5.pdf
Донецька  Білицьке Федора Чабана 15,10.04.2026,https://rada.info/upload/users_files/32897190/b4cc1884aed3441e2de89d3653ca8872.pdf
Донецька  Білицьке Федора Чабана 16,20.03.2026,b1c45afe735dc97ebd1a80def64e952b.pdf
Донецька  Білицьке Федора Чабана 16,10.04.2026,https://rada.info/upload/users_files/32897190/b4cc1884aed3441e2de89d3653ca8872.pdf
Донецька  Білицьке Федора Чабана 19,02.01.2026,2a0ee9963521a8973a7e7affa4f21fba.pdf
Донецька  Білицьке Федора Чабана 19,06.02.2026,e6cf211e7a29aec74657b71d0ad7e8f9.pdf
Донецька  Білицьке Федора Чабана 19,27.02.2026,d7cea1c06a397ac5a62d01434eb9479f.pdf
Донецька  Білицьке Федора Чабана 19,03.04.2026,0cc1fd7a310e4e34a2028c0f7a353bb5.pdf
Донецька  Білицьке Федора Чабана 19,17.04.2026,6c5ce834ffd2d84de9229ec7bd641d39.pdf
Донецька  Білицьке Федора Чабана 20,17.04.2026,6c5ce834ffd2d84de9229ec7bd641d39.pdf
Донецька  Білицьке Федора Чабана 22,06.02.2026,e6cf211e7a29aec74657b71d0ad7e8f9.pdf
Донецька  Білицьке Федора Чабана 24,17.04.2026,6c5ce834ffd2d84de9229ec7bd641d39.pdf
Донецька  Білицьке Федора Чабана 28,20.02.2026,62bd7e0c5196c41f6e21d556158bd6c5.pdf
Донецька  Білицьке Федора Чабана 28,27.02.2026,d7cea1c06a397ac5a62d01434eb9479f.pdf
Донецька  Білицьке Федора Чабана 28,20.03.2026,b1c45afe735dc97ebd1a80def64e952b.pdf
Донецька  Білицьке Федора Чабана 28,10.04.2026,https://rada.info/upload/users_files/32897190/b4cc1884aed3441e2de89d3653ca8872.pdf
Донецька  Білицьке Харківська 10,03.04.2026,0cc1fd7a310e4e34a2028c0f7a353bb5.pdf
Донецька  Білицьке Харківська 12,27.03.2026,b7c6e692cfef0d48742a82011df74458.pdf
Донецька  Білицьке Харківська 12,10.04.2026,https://rada.info/upload/users_files/32897190/b4cc1884aed3441e2de89d3653ca8872.pdf
Донецька  Білицьке Харківська 13,13.02.2026,d2b82ec70f4389f4177fb0472f6d9b16.pdf
Донецька  Білицьке Харківська 13,27.02.2026,d7cea1c06a397ac5a62d01434eb9479f.pdf
Донецька  Білицьке Харківська 13,06.03.2026,79be903f9d457691611cadd2e0d3df9b.pdf
Донецька  Білицьке Харківська 13,13.03.2026,184483eb872247e45ed5d587f11c05ee.pdf
Донецька  Білицьке Харківська 13,20.03.2026,b1c45afe735dc97ebd1a80def64e952b.pdf
Донецька  Білицьке Харківська 13,17.04.2026,6c5ce834ffd2d84de9229ec7bd641d39.pdf
Донецька  Білицьке Харківська 15,13.02.2026,d2b82ec70f4389f4177fb0472f6d9b16.pdf
Донецька  Білицьке Харківська 15,13.03.2026,184483eb872247e45ed5d587f11c05ee.pdf
Донецька  Білицьке Харківська 15,27.03.2026,b7c6e692cfef0d48742a82011df74458.pdf
Донецька  Білицьке Харківська 15,17.04.2026,6c5ce834ffd2d84de9229ec7bd641d39.pdf
Донецька  Білицьке Харківська 15,10.04.2026,https://rada.info/upload/users_files/32897190/b4cc1884aed3441e2de89d3653ca8872.pdf
Донецька  Білицьке Харківська 17,20.02.2026,62bd7e0c5196c41f6e21d556158bd6c5.pdf
Донецька  Білицьке Харківська 17,06.03.2026,79be903f9d457691611cadd2e0d3df9b.pdf
Донецька  Білицьке Харківська 17,13.03.2026,184483eb872247e45ed5d587f11c05ee.pdf
Донецька  Білицьке Харківська 17,20.03.2026,b1c45afe735dc97ebd1a80def64e952b.pdf
Донецька  Білицьке Харківська 17,17.04.2026,6c5ce834ffd2d84de9229ec7bd641d39.pdf
Донецька  Білицьке Харківська 21,03.04.2026,0cc1fd7a310e4e34a2028c0f7a353bb5.pdf
Донецька  Білицьке Харківська 21,17.04.2026,6c5ce834ffd2d84de9229ec7bd641d39.pdf
Донецька  Білицьке Харківська 21,10.04.2026,https://rada.info/upload/users_files/32897190/b4cc1884aed3441e2de89d3653ca8872.pdf
Донецька  Білицьке Харківська 23,26.12.2025,7816e09203c3855574ebbe1ffe34072f.pdf
Донецька  Білицьке Харківська 23,09.01.2026,26462bdf4cef818409400161d677540f.pdf
Донецька  Білицьке Харківська 23,23.01.2026,28122ad18d3561d0a13aa65d99baf5fd.pdf
Донецька  Білицьке Харківська 23,06.02.2026,e6cf211e7a29aec74657b71d0ad7e8f9.pdf
Донецька  Білицьке Харківська 23,27.02.2026,d7cea1c06a397ac5a62d01434eb9479f.pdf
Донецька  Білицьке Харківська 23,10.04.2026,https://rada.info/upload/users_files/32897190/b4cc1884aed3441e2de89d3653ca8872.pdf
Донецька  Білицьке Харківська 25,06.03.2026,79be903f9d457691611cadd2e0d3df9b.pdf
Донецька  Білицьке Харківська 25,13.03.2026,184483eb872247e45ed5d587f11c05ee.pdf
Донецька  Білицьке Харківська 25,20.03.2026,b1c45afe735dc97ebd1a80def64e952b.pdf
Донецька  Білицьке Харківська 25,27.03.2026,b7c6e692cfef0d48742a82011df74458.pdf
Донецька  Білицьке Харківська 25,03.04.2026,0cc1fd7a310e4e34a2028c0f7a353bb5.pdf
Донецька  Білицьке Харківська 25,17.04.2026,6c5ce834ffd2d84de9229ec7bd641d39.pdf
Донецька  Білицьке Харківська 25,10.04.2026,https://rada.info/upload/users_files/32897190/b4cc1884aed3441e2de89d3653ca8872.pdf
Донецька  Білицьке Харківська 27,12.12.2025,97f24fc5e84cedbe951efe039284eaab.pdf
Донецька  Білицьке Харківська 27,26.12.2025,7816e09203c3855574ebbe1ffe34072f.pdf
Донецька  Білицьке Харківська 27,02.01.2026,2a0ee9963521a8973a7e7affa4f21fba.pdf
Донецька  Білицьке Харківська 27,23.01.2026,28122ad18d3561d0a13aa65d99baf5fd.pdf
Донецька  Білицьке Харківська 27,30.01.2026,0fff57efc0a29298c92e3e26aa25b270.pdf
Донецька  Білицьке Харківська 27,06.02.2026,e6cf211e7a29aec74657b71d0ad7e8f9.pdf
Донецька  Білицьке Харківська 27,13.02.2026,d2b82ec70f4389f4177fb0472f6d9b16.pdf
Донецька  Білицьке Харківська 27,27.02.2026,d7cea1c06a397ac5a62d01434eb9479f.pdf
Донецька  Білицьке Харківська 27,06.03.2026,79be903f9d457691611cadd2e0d3df9b.pdf
Донецька  Білицьке Харківська 27,13.03.2026,184483eb872247e45ed5d587f11c05ee.pdf
Донецька  Білицьке Харківська 27,20.03.2026,b1c45afe735dc97ebd1a80def64e952b.pdf
Донецька  Білицьке Харківська 27,10.04.2026,https://rada.info/upload/users_files/32897190/b4cc1884aed3441e2de89d3653ca8872.pdf
Донецька  Білицьке Харківська 29,30.01.2026,0fff57efc0a29298c92e3e26aa25b270.pdf
Донецька  Білицьке Харківська 29,06.02.2026,e6cf211e7a29aec74657b71d0ad7e8f9.pdf
Донецька  Білицьке Харківська 29,27.02.2026,d7cea1c06a397ac5a62d01434eb9479f.pdf
Донецька  Білицьке Харківська 29,03.04.2026,0cc1fd7a310e4e34a2028c0f7a353bb5.pdf
Донецька  Білицьке Харківська 29,17.04.2026,6c5ce834ffd2d84de9229ec7bd641d39.pdf
Донецька  Білицьке Харківська 29,10.04.2026,https://rada.info/upload/users_files/32897190/b4cc1884aed3441e2de89d3653ca8872.pdf
Донецька  Білицьке Харківська 31,02.01.2026,2a0ee9963521a8973a7e7affa4f21fba.pdf
Донецька  Білицьке Харківська 31,16.01.2026,059f349c595ba69110a0ec2805d54153.pdf
Донецька  Білицьке Харківська 31,23.01.2026,28122ad18d3561d0a13aa65d99baf5fd.pdf
Донецька  Білицьке Харківська 31,13.02.2026,d2b82ec70f4389f4177fb0472f6d9b16.pdf
Донецька  Білицьке Харківська 31,27.02.2026,d7cea1c06a397ac5a62d01434eb9479f.pdf
Донецька  Білицьке Харківська 31,13.03.2026,184483eb872247e45ed5d587f11c05ee.pdf
Донецька  Білицьке Харківська 31,27.03.2026,b7c6e692cfef0d48742a82011df74458.pdf
Донецька  Білицьке Харківська 31,10.04.2026,https://rada.info/upload/users_files/32897190/b4cc1884aed3441e2de89d3653ca8872.pdf
Донецька  Білицьке Харківська 35,13.02.2026,d2b82ec70f4389f4177fb0472f6d9b16.pdf
Донецька  Білицьке Харківська 35,27.02.2026,d7cea1c06a397ac5a62d01434eb9479f.pdf
Донецька  Білицьке Харківська 35,06.03.2026,79be903f9d457691611cadd2e0d3df9b.pdf
Донецька  Білицьке Харківська 35,13.03.2026,184483eb872247e45ed5d587f11c05ee.pdf
Донецька  Білицьке Харківська 35,20.03.2026,b1c45afe735dc97ebd1a80def64e952b.pdf
Донецька  Білицьке Харківська 35,27.03.2026,b7c6e692cfef0d48742a82011df74458.pdf
Донецька  Білицьке Харківська 35,17.04.2026,6c5ce834ffd2d84de9229ec7bd641d39.pdf
Донецька  Білицьке Харківська 7,10.04.2026,https://rada.info/upload/users_files/32897190/b4cc1884aed3441e2de89d3653ca8872.pdf
Донецька  Білицьке Харківська 8,20.02.2026,62bd7e0c5196c41f6e21d556158bd6c5.pdf
Донецька  Білицьке Харківська 8,13.03.2026,184483eb872247e45ed5d587f11c05ee.pdf
Донецька  Білицьке Харківська 8,17.04.2026,6c5ce834ffd2d84de9229ec7bd641d39.pdf
Донецька  Білицьке Харківська 9,17.04.2026,6c5ce834ffd2d84de9229ec7bd641d39.pdf
Донецька  Білицьке Харківська 9,10.04.2026,https://rada.info/upload/users_files/32897190/b4cc1884aed3441e2de89d3653ca8872.pdf
Донецька  Білицьке Чабана Федора 15,23.01.2026,28122ad18d3561d0a13aa65d99baf5fd.pdf
Донецька  Білицьке Чабана Федора 19,05.12.2025,8d526f996d0a50d484e2d2c7c2e48771.pdf
Донецька  Білицьке Чабана Федора 22,28.11.2025,eaddbb0f12f0570c7f84ce0b571248ec.pdf
Донецька  Білицьке Чабана Федора 3,16.01.2026,059f349c595ba69110a0ec2805d54153.pdf
Донецька  Білицьке Шухевича Романа 12,06.02.2026,e6cf211e7a29aec74657b71d0ad7e8f9.pdf
Донецька  Білицьке Шухевича Романа 19,06.02.2026,e6cf211e7a29aec74657b71d0ad7e8f9.pdf
Донецька  Білицьке Шухевича Романа 19,13.02.2026,d2b82ec70f4389f4177fb0472f6d9b16.pdf
Донецька  Білицьке Шухевича Романа 19,20.02.2026,62bd7e0c5196c41f6e21d556158bd6c5.pdf
Донецька  Білицьке Шухевича Романа 29,16.01.2026,059f349c595ba69110a0ec2805d54153.pdf
Донецька  Білицьке Шухевича Романа 29,30.01.2026,0fff57efc0a29298c92e3e26aa25b270.pdf
Донецька  Білицьке Шухевича Романа 29,20.02.2026,62bd7e0c5196c41f6e21d556158bd6c5.pdf
Донецька  Білицьке Шухевича Романа 4,20.02.2026,62bd7e0c5196c41f6e21d556158bd6c5.pdf
Донецька  Водянське Дружби 4,13.03.2026,184483eb872247e45ed5d587f11c05ee.pdf
Донецька  Добропілля Банкова 24,30.01.2026,0fff57efc0a29298c92e3e26aa25b270.pdf
Донецька  Добропілля Банкова 24,20.02.2026,62bd7e0c5196c41f6e21d556158bd6c5.pdf
Донецька  Добропілля Банкова 24,27.02.2026,d7cea1c06a397ac5a62d01434eb9479f.pdf
Донецька  Добропілля Банкова 24,06.03.2026,79be903f9d457691611cadd2e0d3df9b.pdf
Донецька  Добропілля Банкова 24,03.04.2026,0cc1fd7a310e4e34a2028c0f7a353bb5.pdf
Донецька  Добропілля Залізнича 30,20.02.2026,62bd7e0c5196c41f6e21d556158bd6c5.pdf
Донецька  Добропілля Залізнича 30,27.02.2026,d7cea1c06a397ac5a62d01434eb9479f.pdf
Донецька  Добропілля Залізнича 30,06.03.2026,79be903f9d457691611cadd2e0d3df9b.pdf
Донецька  Добропілля Залізнича 30,13.03.2026,184483eb872247e45ed5d587f11c05ee.pdf
Донецька  Добропілля Залізнича 30,03.04.2026,0cc1fd7a310e4e34a2028c0f7a353bb5.pdf
Донецька  Добропілля Залізнича 30,10.04.2026,https://rada.info/upload/users_files/32897190/b4cc1884aed3441e2de89d3653ca8872.pdf
Донецька  Добропілля Залізнича 36,27.02.2026,d7cea1c06a397ac5a62d01434eb9479f.pdf
Донецька  Добропілля Залізнича 36,06.03.2026,79be903f9d457691611cadd2e0d3df9b.pdf
Донецька  Добропілля Залізнича 36,20.03.2026,b1c45afe735dc97ebd1a80def64e952b.pdf
Донецька  Добропілля Залізнича 36,27.03.2026,b7c6e692cfef0d48742a82011df74458.pdf
Донецька  Добропілля Залізнича 36,03.04.2026,0cc1fd7a310e4e34a2028c0f7a353bb5.pdf
Донецька  Добропілля Залізнича 36,10.04.2026,https://rada.info/upload/users_files/32897190/b4cc1884aed3441e2de89d3653ca8872.pdf
Донецька  Добропілля Залізнична 30,16.01.2026,059f349c595ba69110a0ec2805d54153.pdf
Донецька  Добропілля Залізнична 30,23.01.2026,28122ad18d3561d0a13aa65d99baf5fd.pdf
Донецька  Добропілля Залізнична 36,05.12.2025,8d526f996d0a50d484e2d2c7c2e48771.pdf
Донецька  Добропілля Залізнична 36,12.12.2025,97f24fc5e84cedbe951efe039284eaab.pdf
Донецька  Добропілля Залізнична 36,19.12.2025,efdce56197f98c07868f605604b964ea.pdf
Донецька  Добропілля Залізнична 36,26.12.2025,7816e09203c3855574ebbe1ffe34072f.pdf
Донецька  Добропілля Залізнична 36,02.01.2026,2a0ee9963521a8973a7e7affa4f21fba.pdf
Донецька  Добропілля Залізнична 36,09.01.2026,26462bdf4cef818409400161d677540f.pdf
Донецька  Добропілля Залізнична 36,16.01.2026,059f349c595ba69110a0ec2805d54153.pdf
Донецька  Добропілля Івана Франка 35,13.03.2026,184483eb872247e45ed5d587f11c05ee.pdf
Донецька  Добропілля Квіткова 10,17.04.2026,6c5ce834ffd2d84de9229ec7bd641d39.pdf
Донецька  Добропілля Котляревського 20,10.04.2026,https://rada.info/upload/users_files/32897190/b4cc1884aed3441e2de89d3653ca8872.pdf
Донецька  Добропілля Котляревського 22,03.04.2026,0cc1fd7a310e4e34a2028c0f7a353bb5.pdf
Донецька  Добропілля Котляревського Івана 20,26.12.2025,7816e09203c3855574ebbe1ffe34072f.pdf
Донецька  Добропілля Котляревського Івана 20,16.01.2026,059f349c595ba69110a0ec2805d54153.pdf
Донецька  Добропілля Котляревського Івана 20,30.01.2026,0fff57efc0a29298c92e3e26aa25b270.pdf
Донецька  Добропілля Котляревського Івана 20,20.02.2026,62bd7e0c5196c41f6e21d556158bd6c5.pdf
Донецька  Добропілля Котляревського Івана 20,06.03.2026,79be903f9d457691611cadd2e0d3df9b.pdf
Донецька  Добропілля Котляревського Івана 22,20.02.2026,62bd7e0c5196c41f6e21d556158bd6c5.pdf
Донецька  Добропілля Котляревського Івана 22,27.02.2026,d7cea1c06a397ac5a62d01434eb9479f.pdf
Донецька  Добропілля Котляревського Івана 22,06.03.2026,79be903f9d457691611cadd2e0d3df9b.pdf
Донецька  Добропілля Котляревського Івана 22,13.03.2026,184483eb872247e45ed5d587f11c05ee.pdf
Донецька  Добропілля Лі Олександра 18,02.01.2026,2a0ee9963521a8973a7e7affa4f21fba.pdf
Донецька  Добропілля Лі Олександра 18,27.02.2026,d7cea1c06a397ac5a62d01434eb9479f.pdf
Донецька  Добропілля Лі Олександра 35,19.12.2025,efdce56197f98c07868f605604b964ea.pdf
Донецька  Добропілля Лі Олександра 35,26.12.2025,7816e09203c3855574ebbe1ffe34072f.pdf
Донецька  Добропілля Лі Олександра 35,02.01.2026,2a0ee9963521a8973a7e7affa4f21fba.pdf
Донецька  Добропілля Лі Олександра 35,09.01.2026,26462bdf4cef818409400161d677540f.pdf
Донецька  Добропілля Лі Олександра 35,27.02.2026,d7cea1c06a397ac5a62d01434eb9479f.pdf
Донецька  Добропілля Лі Олександра 35,06.03.2026,79be903f9d457691611cadd2e0d3df9b.pdf
Донецька  Добропілля Лі Олександра 35,13.03.2026,184483eb872247e45ed5d587f11c05ee.pdf
Донецька  Добропілля Лі Олександра 35,20.03.2026,b1c45afe735dc97ebd1a80def64e952b.pdf
Донецька  Добропілля Лі Олександра 35,27.03.2026,b7c6e692cfef0d48742a82011df74458.pdf
Донецька  Добропілля Лі Олександра 41,19.12.2025,efdce56197f98c07868f605604b964ea.pdf
Донецька  Добропілля Лі Олександра 41,16.01.2026,059f349c595ba69110a0ec2805d54153.pdf
Донецька  Добропілля Лі Олександра 41,20.02.2026,62bd7e0c5196c41f6e21d556158bd6c5.pdf
Донецька  Добропілля Лі Олександра 41,27.02.2026,d7cea1c06a397ac5a62d01434eb9479f.pdf
Донецька  Добропілля Лі Олександра 41,06.03.2026,79be903f9d457691611cadd2e0d3df9b.pdf
Донецька  Добропілля Лі Олександра 41,03.04.2026,0cc1fd7a310e4e34a2028c0f7a353bb5.pdf
Донецька  Добропілля Луганський 24,21.11.2025,56e178f678cabc1bc0f314fc11649215.pdf
Донецька  Добропілля Луганський 24,28.11.2025,eaddbb0f12f0570c7f84ce0b571248ec.pdf
Донецька  Добропілля Луганський 24,05.12.2025,8d526f996d0a50d484e2d2c7c2e48771.pdf
Донецька  Добропілля Луганський 24,12.12.2025,97f24fc5e84cedbe951efe039284eaab.pdf
Донецька  Добропілля Луганський 24,19.12.2025,efdce56197f98c07868f605604b964ea.pdf
Донецька  Добропілля Луганського 21,27.02.2026,d7cea1c06a397ac5a62d01434eb9479f.pdf
Донецька  Добропілля Луганського 21,06.03.2026,79be903f9d457691611cadd2e0d3df9b.pdf
Донецька  Добропілля Луганського 21,20.03.2026,b1c45afe735dc97ebd1a80def64e952b.pdf
Донецька  Добропілля Луганського 21,03.04.2026,0cc1fd7a310e4e34a2028c0f7a353bb5.pdf
Донецька  Добропілля Луганського 22,03.04.2026,0cc1fd7a310e4e34a2028c0f7a353bb5.pdf
Донецька  Добропілля Луганського 22,17.04.2026,6c5ce834ffd2d84de9229ec7bd641d39.pdf
Донецька  Добропілля Луганського 22,10.04.2026,https://rada.info/upload/users_files/32897190/b4cc1884aed3441e2de89d3653ca8872.pdf
Донецька  Добропілля Луганського 24,26.12.2025,7816e09203c3855574ebbe1ffe34072f.pdf
Донецька  Добропілля Луганського 24,02.01.2026,2a0ee9963521a8973a7e7affa4f21fba.pdf
Донецька  Добропілля Луганського 24,16.01.2026,059f349c595ba69110a0ec2805d54153.pdf
Донецька  Добропілля Луганського 24,30.01.2026,0fff57efc0a29298c92e3e26aa25b270.pdf
Донецька  Добропілля Луганського 24,20.02.2026,62bd7e0c5196c41f6e21d556158bd6c5.pdf
Донецька  Добропілля Луганського 24,27.02.2026,d7cea1c06a397ac5a62d01434eb9479f.pdf
Донецька  Добропілля Луганського 24,20.03.2026,b1c45afe735dc97ebd1a80def64e952b.pdf
Донецька  Добропілля Луганського 24,10.04.2026,https://rada.info/upload/users_files/32897190/b4cc1884aed3441e2de89d3653ca8872.pdf
Донецька  Добропілля Луганського 25,03.04.2026,0cc1fd7a310e4e34a2028c0f7a353bb5.pdf
Донецька  Добропілля Луганського 25,17.04.2026,6c5ce834ffd2d84de9229ec7bd641d39.pdf
Донецька  Добропілля Луганського 25,10.04.2026,https://rada.info/upload/users_files/32897190/b4cc1884aed3441e2de89d3653ca8872.pdf
Донецька  Добропілля Луганського 29,27.02.2026,d7cea1c06a397ac5a62d01434eb9479f.pdf
Донецька  Добропілля м-н Сонячний 20,12.12.2025,97f24fc5e84cedbe951efe039284eaab.pdf
Донецька  Добропілля м-н Сонячний 20,19.12.2025,efdce56197f98c07868f605604b964ea.pdf
Донецька  Добропілля м-н Сонячний 20,26.12.2025,7816e09203c3855574ebbe1ffe34072f.pdf
Донецька  Добропілля м-н Сонячний 20,02.01.2026,2a0ee9963521a8973a7e7affa4f21fba.pdf
Донецька  Добропілля м-н Сонячний 20,09.01.2026,26462bdf4cef818409400161d677540f.pdf
Донецька  Добропілля м-н Сонячний 20,16.01.2026,059f349c595ba69110a0ec2805d54153.pdf
Донецька  Добропілля мікрорайон Молодіжний 15,19.12.2025,efdce56197f98c07868f605604b964ea.pdf
Донецька  Добропілля мікрорайон Молодіжний 15,26.12.2025,7816e09203c3855574ebbe1ffe34072f.pdf
Донецька  Добропілля мікрорайон Молодіжний 15,02.01.2026,2a0ee9963521a8973a7e7affa4f21fba.pdf
Донецька  Добропілля мікрорайон Молодіжний 15,09.01.2026,26462bdf4cef818409400161d677540f.pdf
Донецька  Добропілля мікрорайон Молодіжний 15,30.01.2026,0fff57efc0a29298c92e3e26aa25b270.pdf
Донецька  Добропілля мікрорайон Молодіжний 15,06.02.2026,e6cf211e7a29aec74657b71d0ad7e8f9.pdf
Донецька  Добропілля мікрорайон Молодіжний 15,27.02.2026,d7cea1c06a397ac5a62d01434eb9479f.pdf
Донецька  Добропілля мікрорайон Молодіжний 15,13.03.2026,184483eb872247e45ed5d587f11c05ee.pdf
Донецька  Добропілля мікрорайон Молодіжний 15,20.03.2026,b1c45afe735dc97ebd1a80def64e952b.pdf
Донецька  Добропілля мікрорайон Молодіжний 18,12.12.2025,97f24fc5e84cedbe951efe039284eaab.pdf
Донецька  Добропілля мікрорайон Молодіжний 18,19.12.2025,efdce56197f98c07868f605604b964ea.pdf
Донецька  Добропілля мікрорайон Молодіжний 18,02.01.2026,2a0ee9963521a8973a7e7affa4f21fba.pdf
Донецька  Добропілля мікрорайон Молодіжний 18,09.01.2026,26462bdf4cef818409400161d677540f.pdf
Донецька  Добропілля мікрорайон Молодіжний 18,30.01.2026,0fff57efc0a29298c92e3e26aa25b270.pdf
Донецька  Добропілля мікрорайон Молодіжний 18,06.02.2026,e6cf211e7a29aec74657b71d0ad7e8f9.pdf
Донецька  Добропілля мікрорайон Молодіжний 18,27.02.2026,d7cea1c06a397ac5a62d01434eb9479f.pdf
Донецька  Добропілля мікрорайон Молодіжний 18,06.03.2026,79be903f9d457691611cadd2e0d3df9b.pdf
Донецька  Добропілля мікрорайон Молодіжний 18,13.03.2026,184483eb872247e45ed5d587f11c05ee.pdf
Донецька  Добропілля мікрорайон Молодіжний 18,20.03.2026,b1c45afe735dc97ebd1a80def64e952b.pdf
Донецька  Добропілля мікрорайон Молодіжний 18,27.03.2026,b7c6e692cfef0d48742a82011df74458.pdf
Донецька  Добропілля мікрорайон Молодіжний 18,17.04.2026,6c5ce834ffd2d84de9229ec7bd641d39.pdf
Донецька  Добропілля мікрорайон Молодіжний 21,12.12.2025,97f24fc5e84cedbe951efe039284eaab.pdf
Донецька  Добропілля мікрорайон Молодіжний 21,19.12.2025,efdce56197f98c07868f605604b964ea.pdf
Донецька  Добропілля мікрорайон Молодіжний 21,26.12.2025,7816e09203c3855574ebbe1ffe34072f.pdf
Донецька  Добропілля мікрорайон Молодіжний 21,02.01.2026,2a0ee9963521a8973a7e7affa4f21fba.pdf
Донецька  Добропілля мікрорайон Молодіжний 21,09.01.2026,26462bdf4cef818409400161d677540f.pdf
Донецька  Добропілля мікрорайон Молодіжний 21,16.01.2026,059f349c595ba69110a0ec2805d54153.pdf
Донецька  Добропілля мікрорайон Молодіжний 21,06.02.2026,e6cf211e7a29aec74657b71d0ad7e8f9.pdf
Донецька  Добропілля мікрорайон Молодіжний 21,13.02.2026,d2b82ec70f4389f4177fb0472f6d9b16.pdf
Донецька  Добропілля мікрорайон Молодіжний 21,27.02.2026,d7cea1c06a397ac5a62d01434eb9479f.pdf
Донецька  Добропілля мікрорайон Молодіжний 21,06.03.2026,79be903f9d457691611cadd2e0d3df9b.pdf
Донецька  Добропілля мікрорайон Молодіжний 21,13.03.2026,184483eb872247e45ed5d587f11c05ee.pdf
Донецька  Добропілля мікрорайон Молодіжний 21,20.03.2026,b1c45afe735dc97ebd1a80def64e952b.pdf
Донецька  Добропілля мікрорайон Молодіжний 22,05.12.2025,8d526f996d0a50d484e2d2c7c2e48771.pdf
Донецька  Добропілля мікрорайон Молодіжний 22,12.12.2025,97f24fc5e84cedbe951efe039284eaab.pdf
Донецька  Добропілля мікрорайон Молодіжний 22,19.12.2025,efdce56197f98c07868f605604b964ea.pdf
Донецька  Добропілля мікрорайон Молодіжний 22,02.01.2026,2a0ee9963521a8973a7e7affa4f21fba.pdf
Донецька  Добропілля мікрорайон Молодіжний 22,16.01.2026,059f349c595ba69110a0ec2805d54153.pdf
Донецька  Добропілля мікрорайон Молодіжний 22,06.02.2026,e6cf211e7a29aec74657b71d0ad7e8f9.pdf
Донецька  Добропілля мікрорайон Молодіжний 22,13.02.2026,d2b82ec70f4389f4177fb0472f6d9b16.pdf
Донецька  Добропілля мікрорайон Молодіжний 22,27.02.2026,d7cea1c06a397ac5a62d01434eb9479f.pdf
Донецька  Добропілля мікрорайон Молодіжний 22,06.03.2026,79be903f9d457691611cadd2e0d3df9b.pdf
Донецька  Добропілля мікрорайон Молодіжний 22,13.03.2026,184483eb872247e45ed5d587f11c05ee.pdf
Донецька  Добропілля мікрорайон Молодіжний 22,20.03.2026,b1c45afe735dc97ebd1a80def64e952b.pdf
Донецька  Добропілля мікрорайон Молодіжний 22,03.04.2026,0cc1fd7a310e4e34a2028c0f7a353bb5.pdf
Донецька  Добропілля мікрорайон Молодіжний 22,17.04.2026,6c5ce834ffd2d84de9229ec7bd641d39.pdf
Донецька  Добропілля мікрорайон Молодіжний 22,10.04.2026,https://rada.info/upload/users_files/32897190/b4cc1884aed3441e2de89d3653ca8872.pdf
Донецька  Добропілля мікрорайон Молодіжний 36,20.03.2026,b1c45afe735dc97ebd1a80def64e952b.pdf
Донецька  Добропілля мікрорайон Молодіжний 36,27.03.2026,b7c6e692cfef0d48742a82011df74458.pdf
Донецька  Добропілля мікрорайон Молодіжний 36,17.04.2026,6c5ce834ffd2d84de9229ec7bd641d39.pdf
Донецька  Добропілля мікрорайон Молодіжний 36,10.04.2026,https://rada.info/upload/users_files/32897190/b4cc1884aed3441e2de89d3653ca8872.pdf
Донецька  Добропілля мікрорайон Сонячний 20,30.01.2026,0fff57efc0a29298c92e3e26aa25b270.pdf
Донецька  Добропілля мікрорайон Сонячний 20,06.02.2026,e6cf211e7a29aec74657b71d0ad7e8f9.pdf
Донецька  Добропілля мікрорайон Сонячний 20,06.03.2026,79be903f9d457691611cadd2e0d3df9b.pdf
Донецька  Добропілля мікрорайон Сонячний 20,13.03.2026,184483eb872247e45ed5d587f11c05ee.pdf
Донецька  Добропілля Незалежності 17,27.02.2026,d7cea1c06a397ac5a62d01434eb9479f.pdf
Донецька  Добропілля Незалежності 17,06.03.2026,79be903f9d457691611cadd2e0d3df9b.pdf
Донецька  Добропілля Незалежності 17,20.03.2026,b1c45afe735dc97ebd1a80def64e952b.pdf
Донецька  Добропілля Незалежності 17,27.03.2026,b7c6e692cfef0d48742a82011df74458.pdf
Донецька  Добропілля Нова 15,27.03.2026,b7c6e692cfef0d48742a82011df74458.pdf
Донецька  Добропілля Олександра Лі 18,30.01.2026,0fff57efc0a29298c92e3e26aa25b270.pdf
Донецька  Добропілля Олександра Лі 35,30.01.2026,0fff57efc0a29298c92e3e26aa25b270.pdf
Донецька  Добропілля Олександра Лі 35,06.02.2026,e6cf211e7a29aec74657b71d0ad7e8f9.pdf
Донецька  Добропілля Олександра Лі 41,30.01.2026,0fff57efc0a29298c92e3e26aa25b270.pdf
Донецька  Добропілля Олександра Лі 41,06.02.2026,e6cf211e7a29aec74657b71d0ad7e8f9.pdf
Донецька  Добропілля пр-т Шевченка 1,27.03.2026,b7c6e692cfef0d48742a82011df74458.pdf
Донецька  Добропілля пр-т Шевченка 1,03.04.2026,0cc1fd7a310e4e34a2028c0f7a353bb5.pdf
Донецька  Добропілля пр-т Шевченка 1,17.04.2026,6c5ce834ffd2d84de9229ec7bd641d39.pdf
Донецька  Добропілля пр-т Шевченка 1,10.04.2026,https://rada.info/upload/users_files/32897190/b4cc1884aed3441e2de89d3653ca8872.pdf
Донецька  Добропілля проспект Перемоги 4,02.01.2026,2a0ee9963521a8973a7e7affa4f21fba.pdf
Донецька  Добропілля проспект Перемоги 4,16.01.2026,059f349c595ba69110a0ec2805d54153.pdf
Донецька  Добропілля проспект Шевченка 11,30.01.2026,0fff57efc0a29298c92e3e26aa25b270.pdf
Донецька  Добропілля проспект Шевченка 11,13.02.2026,d2b82ec70f4389f4177fb0472f6d9b16.pdf
Донецька  Добропілля проспект Шевченка 11,20.03.2026,b1c45afe735dc97ebd1a80def64e952b.pdf
Донецька  Добропілля Театральна 14,28.11.2025,eaddbb0f12f0570c7f84ce0b571248ec.pdf
Донецька  Добропілля Театральна 14,05.12.2025,8d526f996d0a50d484e2d2c7c2e48771.pdf
Донецька  Добропілля Театральна 14,12.12.2025,97f24fc5e84cedbe951efe039284eaab.pdf
Донецька  Добропілля Театральна 14,19.12.2025,efdce56197f98c07868f605604b964ea.pdf
Донецька  Добропілля Театральна 14,26.12.2025,7816e09203c3855574ebbe1ffe34072f.pdf
Донецька  Добропілля Театральна 14,02.01.2026,2a0ee9963521a8973a7e7affa4f21fba.pdf
Донецька  Добропілля Театральна 14,16.01.2026,059f349c595ba69110a0ec2805d54153.pdf
Донецька  Добропілля Театральна 14,30.01.2026,0fff57efc0a29298c92e3e26aa25b270.pdf
Донецька  Добропілля Театральна 22,06.03.2026,79be903f9d457691611cadd2e0d3df9b.pdf
Донецька  Добропілля Травнева 109,16.01.2026,059f349c595ba69110a0ec2805d54153.pdf
Донецька  Добропілля Травнева 109,23.01.2026,28122ad18d3561d0a13aa65d99baf5fd.pdf
Донецька  Добропілля Травнева 109,06.02.2026,e6cf211e7a29aec74657b71d0ad7e8f9.pdf
Донецька  Добропілля Травнева 109,13.02.2026,d2b82ec70f4389f4177fb0472f6d9b16.pdf
Донецька  Добропілля Травнева 109,13.03.2026,184483eb872247e45ed5d587f11c05ee.pdf
Донецька  Добропілля Травнева 109,20.03.2026,b1c45afe735dc97ebd1a80def64e952b.pdf
Донецька  Добропілля Травнева 109,03.04.2026,0cc1fd7a310e4e34a2028c0f7a353bb5.pdf
Донецька  Добропілля Травнева 109,10.04.2026,https://rada.info/upload/users_files/32897190/b4cc1884aed3441e2de89d3653ca8872.pdf
Донецька  Добропілля Травнева 123,05.12.2025,8d526f996d0a50d484e2d2c7c2e48771.pdf
Донецька  Добропілля Травнева 123,12.12.2025,97f24fc5e84cedbe951efe039284eaab.pdf
Донецька  Добропілля Травнева 123,19.12.2025,efdce56197f98c07868f605604b964ea.pdf
Донецька  Добропілля Травнева 123,26.12.2025,7816e09203c3855574ebbe1ffe34072f.pdf
Донецька  Добропілля Травнева 123,02.01.2026,2a0ee9963521a8973a7e7affa4f21fba.pdf
Донецька  Добропілля Травнева 123,09.01.2026,26462bdf4cef818409400161d677540f.pdf
Донецька  Добропілля Травнева 123,16.01.2026,059f349c595ba69110a0ec2805d54153.pdf
Донецька  Добропілля Травнева 123,23.01.2026,28122ad18d3561d0a13aa65d99baf5fd.pdf
Донецька  Добропілля Травнева 123,30.01.2026,0fff57efc0a29298c92e3e26aa25b270.pdf
Донецька  Добропілля Травнева 123,06.02.2026,e6cf211e7a29aec74657b71d0ad7e8f9.pdf
Донецька  Добропілля Травнева 123,13.02.2026,d2b82ec70f4389f4177fb0472f6d9b16.pdf
Донецька  Добропілля Травнева 123,20.02.2026,62bd7e0c5196c41f6e21d556158bd6c5.pdf
Донецька  Добропілля Травнева 123,27.02.2026,d7cea1c06a397ac5a62d01434eb9479f.pdf
Донецька  Добропілля Травнева 123,06.03.2026,79be903f9d457691611cadd2e0d3df9b.pdf
Донецька  Добропілля Травнева 123,13.03.2026,184483eb872247e45ed5d587f11c05ee.pdf
Донецька  Добропілля Травнева 123,20.03.2026,b1c45afe735dc97ebd1a80def64e952b.pdf
Донецька  Добропілля Травнева 123,27.03.2026,b7c6e692cfef0d48742a82011df74458.pdf
Донецька  Добропілля Травнева 123,10.04.2026,https://rada.info/upload/users_files/32897190/b4cc1884aed3441e2de89d3653ca8872.pdf
Донецька  Добропілля Травнева 125,21.11.2025,56e178f678cabc1bc0f314fc11649215.pdf
Донецька  Добропілля Травнева 125,28.11.2025,eaddbb0f12f0570c7f84ce0b571248ec.pdf
Донецька  Добропілля Травнева 125,05.12.2025,8d526f996d0a50d484e2d2c7c2e48771.pdf
Донецька  Добропілля Травнева 125,12.12.2025,97f24fc5e84cedbe951efe039284eaab.pdf
Донецька  Добропілля Травнева 125,19.12.2025,efdce56197f98c07868f605604b964ea.pdf
Донецька  Добропілля Травнева 125,02.01.2026,2a0ee9963521a8973a7e7affa4f21fba.pdf
Донецька  Добропілля Травнева 125,16.01.2026,059f349c595ba69110a0ec2805d54153.pdf
Донецька  Добропілля Травнева 125,30.01.2026,0fff57efc0a29298c92e3e26aa25b270.pdf
Донецька  Добропілля Травнева 125,06.02.2026,e6cf211e7a29aec74657b71d0ad7e8f9.pdf
Донецька  Добропілля Травнева 125,20.02.2026,62bd7e0c5196c41f6e21d556158bd6c5.pdf
Донецька  Добропілля Травнева 125,27.02.2026,d7cea1c06a397ac5a62d01434eb9479f.pdf
Донецька  Добропілля Травнева 125,06.03.2026,79be903f9d457691611cadd2e0d3df9b.pdf
Донецька  Добропілля Травнева 125,13.03.2026,184483eb872247e45ed5d587f11c05ee.pdf
Донецька  Добропілля Травнева 125,20.03.2026,b1c45afe735dc97ebd1a80def64e952b.pdf
Донецька  сел. Водянське Дружби 4,03.04.2026,0cc1fd7a310e4e34a2028c0f7a353bb5.pdf
Донецька  сел. Водянське Комунальна 10,10.04.2026,https://rada.info/upload/users_files/32897190/b4cc1884aed3441e2de89d3653ca8872.pdf
Донецька  сел. Водянське Комунальна 11,19.12.2025,efdce56197f98c07868f605604b964ea.pdf
Донецька  сел. Водянське Комунальна 13,02.01.2026,2a0ee9963521a8973a7e7affa4f21fba.pdf
Донецька  сел. Водянське Комунальна 13,06.02.2026,e6cf211e7a29aec74657b71d0ad7e8f9.pdf
Донецька  сел. Водянське Комунальна 8,06.02.2026,e6cf211e7a29aec74657b71d0ad7e8f9.pdf